{
  "total": 824,
  "em": 0.0,
  "f1": 0.04281974244471113,
  "ndcg": 0.7389517106654232,
  "map": 0.6898429072276162,
  "retrieval_recall@k": 0.8410194174757282,
  "avg_generation_length": 111.27427184466019,
  "top_k": 5
}