{
  "total": 300,
  "ndcg": 0.7351236918857305,
  "map": 0.7030185185185188,
  "recall@k": 0.8142777777777778,
  "top_k": 5
}